,sentence1,sentence2,score
17,Denial of Service,Failure or Disruption of service,0.4261780381202698
78,Denial of Service,"Non-transparent Policies, Agreements, Terms and Conditions",0.40998950600624084
82,Denial of Service,Inability of users to access and modify data,0.43924084305763245
90,Denial of Service,Collection without Consent,0.4164019823074341
94,Malware,Manipulation of hardware and software,0.5179364681243896
96,Malware,Threats targeting autonomous sensors,0.43226736783981323
99,Malware,Vandalism,0.4652137756347656
128,Malware,An adversary can execute arbitrary code on the telematics unit (TCU) and take control of the device.,0.4071947932243347
130,Malware,"Spying, SMS Interception & Modification, User Tracking.",0.4025859832763672
134,Malware,Attacker operates phisically on the TC by tampering the device firmware.,0.42659634351730347
142,Malware,Mobile App spoofing,0.40083983540534973
147,Malware,Infotainment malware,0.4853542149066925
148,Malware,Mobile App malware,0.5738134384155273
167,Malware,Web Application Vulnerabilities,0.4100862443447113
182,Malware,Misleading Content,0.4002687335014343
187,Manipulation of hardware and software,Manipulation of information,0.6555209755897522
191,Manipulation of hardware and software,Vandalism,0.4196779727935791
195,Manipulation of hardware and software,Identity theft,0.4293268322944641
198,Manipulation of hardware and software,Theft,0.4246494770050049
201,Manipulation of hardware and software,Software vulnerabilities exploitation,0.5897518992424011
203,Manipulation of hardware and software,Communication protocol hijacking,0.4299289286136627
205,Manipulation of hardware and software,Man-in-the-middle attack / Session hijacking,0.4334847629070282
208,Manipulation of hardware and software,Using information and/or devices from an unreliable source,0.4580751955509186
211,Manipulation of hardware and software,Violation of rules and regulations/Breach of legislation/ Abuse of personal data,0.4242868721485138
214,Manipulation of hardware and software,Attacker injects CAN messages/codes via any ECUs connected to the bus.,0.5052543878555298
216,Manipulation of hardware and software,Attacker remotely accesses via telematics systems (TCU).,0.4982558786869049
217,Manipulation of hardware and software,"An adversary can capture, analyze, and replaye the messages.",0.4082356095314026
219,Manipulation of hardware and software,An adversarv can crack a weak password.,0.48261961340904236
220,Manipulation of hardware and software,An adversary can execute arbitrary code on the telematics unit (TCU) and take control of the device.,0.5817248225212097
221,Manipulation of hardware and software,The SS7 vulnerabilities can be exploited to compromise SMS system to intercept text user messages.,0.40602606534957886
222,Manipulation of hardware and software,"Spying, SMS Interception & Modification, User Tracking.",0.40856778621673584
224,Manipulation of hardware and software,Attacker can moditv the hardware ov changina or disabling ohvsica sensors. memories and features.,0.6156917810440063
225,Manipulation of hardware and software,"An attacker changes circuits of a device to extractsensitive data, such as cryptographic keys.",0.5018975138664246
226,Manipulation of hardware and software,Attacker operates phisically on the TC by tampering the device firmware.,0.5665546655654907
227,Manipulation of hardware and software,An attacker could perform remote control by installing remotely his own sottware on the device.,0.5944502353668213
228,Manipulation of hardware and software,Reprogramming the USB/CD device's firmware to execute malicious actions.,0.5017215609550476
229,Manipulation of hardware and software,An adversary can exploit the vulnerabilities o USB svstems on-board venice.,0.5762535333633423
233,Manipulation of hardware and software,An adversary relates pseudonymous positions to specific vehicles.,0.4376654028892517
234,Manipulation of hardware and software,Mobile App spoofing,0.429207980632782
239,Manipulation of hardware and software,Infotainment malware,0.5057834386825562
240,Manipulation of hardware and software,Mobile App malware,0.46589624881744385
243,Manipulation of hardware and software,CAN frame tampering,0.43934985995292664
244,Manipulation of hardware and software,V2X data tampering,0.4908173680305481
253,Manipulation of hardware and software,Smart key jamming,0.41250187158584595
258,Manipulation of hardware and software,Insider Threat,0.4838547706604004
260,Manipulation of hardware and software,Operator-sided Data Leakage,0.4649795889854431
282,Manipulation of information,Vandalism,0.5042167901992798
286,Manipulation of information,Identity theft,0.5017789602279663
287,Manipulation of information,Abuse of authorizations,0.42749762535095215
288,Manipulation of information,Sabotage,0.40193572640419006
289,Manipulation of information,Theft,0.5737057328224182
292,Manipulation of information,Software vulnerabilities exploitation,0.44732171297073364
294,Manipulation of information,Communication protocol hijacking,0.5395130515098572
298,Manipulation of information,Information leakage,0.5353943705558777
299,Manipulation of information,Using information and/or devices from an unreliable source,0.5142418742179871
302,Manipulation of information,Violation of rules and regulations/Breach of legislation/ Abuse of personal data,0.5120264291763306
308,Manipulation of information,"An adversary can capture, analyze, and replaye the messages.",0.4274595379829407
312,Manipulation of information,The SS7 vulnerabilities can be exploited to compromise SMS system to intercept text user messages.,0.4195133149623871
313,Manipulation of information,"Spying, SMS Interception & Modification, User Tracking.",0.41967374086380005
316,Manipulation of information,"An attacker changes circuits of a device to extractsensitive data, such as cryptographic keys.",0.5266911387443542
317,Manipulation of information,Attacker operates phisically on the TC by tampering the device firmware.,0.48872849345207214
318,Manipulation of information,An attacker could perform remote control by installing remotely his own sottware on the device.,0.42191606760025024
325,Manipulation of information,Mobile App spoofing,0.5756605863571167
328,Manipulation of information,GPS spoofing,0.4184294641017914
331,Manipulation of information,Mobile App malware,0.49363407492637634
334,Manipulation of information,CAN frame tampering,0.5067983865737915
335,Manipulation of information,V2X data tampering,0.4841974377632141
351,Manipulation of information,Operator-sided Data Leakage,0.5104638338088989
365,Manipulation of information,Misleading Content,0.6236313581466675
370,Threats targeting autonomous sensors,Threats against AI and ML,0.402466744184494
389,Threats targeting autonomous sensors,Using information and/or devices from an unreliable source,0.4402807354927063
396,Threats targeting autonomous sensors,Attacker modifies the path of the sensitive data circulating in the vehicle.,0.4193505644798279
397,Threats targeting autonomous sensors,Attacker remotely accesses via telematics systems (TCU).,0.5249170064926147
401,Threats targeting autonomous sensors,An adversary can execute arbitrary code on the telematics unit (TCU) and take control of the device.,0.47374531626701355
405,Threats targeting autonomous sensors,Attacker can moditv the hardware ov changina or disabling ohvsica sensors. memories and features.,0.4189681112766266
406,Threats targeting autonomous sensors,"An attacker changes circuits of a device to extractsensitive data, such as cryptographic keys.",0.4665735363960266
408,Threats targeting autonomous sensors,An attacker could perform remote control by installing remotely his own sottware on the device.,0.4456769824028015
410,Threats targeting autonomous sensors,An adversary can exploit the vulnerabilities o USB svstems on-board venice.,0.43758076429367065
411,Threats targeting autonomous sensors,An adversary can identify or track the vehicle from the sensor.,0.45034101605415344
414,Threats targeting autonomous sensors,An adversary relates pseudonymous positions to specific vehicles.,0.4671350121498108
421,Threats targeting autonomous sensors,Mobile App malware,0.4408924877643585
426,Threats targeting autonomous sensors,CAN eavesdropping,0.4146803617477417
429,Threats targeting autonomous sensors,Insecure API endpoint,0.45902252197265625
439,Threats targeting autonomous sensors,Insider Threat,0.4467802047729492
440,Threats targeting autonomous sensors,Web Application Vulnerabilities,0.461005836725235
453,Threats targeting autonomous sensors,Insecure Data Transfer,0.4278682470321655
463,Threats against AI and ML,OEM Targeted attacks,0.4247363209724426
558,Failure or malfunction of a sensor/actuator,Fault injection,0.5036295652389526
560,Failure or malfunction of a sensor/actuator,Failure or Disruption of service,0.5350329279899597
564,Failure or malfunction of a sensor/actuator,Unintentional change of data or car components configuration,0.40870165824890137
566,Failure or malfunction of a sensor/actuator,Using information and/or devices from an unreliable source,0.48410162329673767
567,Failure or malfunction of a sensor/actuator,Erroneous use or configuration of car components,0.4281614422798157
597,Failure or malfunction of a sensor/actuator,Infotainment malware,0.4170314073562622
640,Vandalism,Identity theft,0.4012232720851898
642,Vandalism,Sabotage,0.6566077470779419
643,Vandalism,Theft,0.5992175340652466
645,Vandalism,Fault injection,0.456841379404068
653,Vandalism,Using information and/or devices from an unreliable source,0.414312481880188
671,Vandalism,Attacker operates phisically on the TC by tampering the device firmware.,0.44002726674079895
673,Vandalism,Reprogramming the USB/CD device's firmware to execute malicious actions.,0.4709357023239136
674,Vandalism,An adversary can exploit the vulnerabilities o USB svstems on-board venice.,0.4380952715873718
684,Vandalism,Infotainment malware,0.45728495717048645
685,Vandalism,Mobile App malware,0.5079219937324524
719,Vandalism,Misleading Content,0.5402387380599976
733,Network outage,Failure or Disruption of service,0.6544581651687622
743,Network outage,Loss of GNSS signal,0.44948112964630127
896,Unauthorised activities,Abuse of authorizations,0.4562838673591614
906,Unauthorised activities,Unintentional change of data or car components configuration,0.42821234464645386
908,Unauthorised activities,Using information and/or devices from an unreliable source,0.4377894401550293
909,Unauthorised activities,Erroneous use or configuration of car components,0.44649195671081543
911,Unauthorised activities,Violation of rules and regulations/Breach of legislation/ Abuse of personal data,0.5481520891189575
944,Unauthorised activities,V2X data tampering,0.43822693824768066
946,Unauthorised activities,Unauthorised diagnostic access,0.5262251496315002
960,Unauthorised activities,Operator-sided Data Leakage,0.400621235370636
968,Unauthorised activities,Collection of data not required for the user-consented purpose,0.48746174573898315
979,Identity theft,Abuse of authorizations,0.4203092157840729
981,Identity theft,Theft,0.6222522258758545
984,Identity theft,Software vulnerabilities exploitation,0.42842769622802734
986,Identity theft,Communication protocol hijacking,0.4892991781234741
990,Identity theft,Information leakage,0.45027562975883484
1002,Identity theft,An adversarv can crack a weak password.,0.46570879220962524
1008,Identity theft,"An attacker changes circuits of a device to extractsensitive data, such as cryptographic keys.",0.4793604612350464
1018,Identity theft,Smart key bruteforcing,0.4870184659957886
1019,Identity theft,Smart key cloning,0.44649019837379456
1027,Identity theft,V2X data tampering,0.40490925312042236
1036,Identity theft,Smart key jamming,0.45827096700668335
1043,Identity theft,Operator-sided Data Leakage,0.4809122681617737
1055,Identity theft,Insecure Data Transfer,0.4369560182094574
1066,Abuse of authorizations,Software vulnerabilities exploitation,0.4896361827850342
1068,Abuse of authorizations,Communication protocol hijacking,0.40034008026123047
1076,Abuse of authorizations,Violation of rules and regulations/Breach of legislation/ Abuse of personal data,0.5232863426208496
1108,Abuse of authorizations,CAN frame tampering,0.457133412361145
1111,Abuse of authorizations,Unauthorised diagnostic access,0.4584190845489502
1115,Abuse of authorizations,Server violation,0.4129675626754761
1144,Sabotage,Theft,0.4863795340061188
1174,Sabotage,Reprogramming the USB/CD device's firmware to execute malicious actions.,0.41372236609458923
1185,Sabotage,Infotainment malware,0.4065040349960327
1220,Sabotage,Misleading Content,0.4214569628238678
1229,Theft,Communication protocol hijacking,0.5214484333992004
1231,Theft,Man-in-the-middle attack / Session hijacking,0.4637514650821686
1233,Theft,Information leakage,0.4073721170425415
1261,Theft,Smart key bruteforcing,0.40991389751434326
1266,Theft,Mobile App malware,0.4275611639022827
1286,Theft,Operator-sided Data Leakage,0.42630982398986816
1300,Theft,Misleading Content,0.43111175298690796
1365,Side-channel attacks,Operator-sided Data Leakage,0.4075580835342407
1411,Fault injection,Reprogramming the USB/CD device's firmware to execute malicious actions.,0.4340425729751587
1422,Fault injection,Infotainment malware,0.4797510504722595
1425,Fault injection,CAN frame injection,0.5208289623260498
1436,Fault injection,Smart key jamming,0.42336344718933105
1471,Software vulnerabilities exploitation,Violation of rules and regulations/Breach of legislation/ Abuse of personal data,0.42033278942108154
1479,Software vulnerabilities exploitation,An adversarv can crack a weak password.,0.49416112899780273
1481,Software vulnerabilities exploitation,The SS7 vulnerabilities can be exploited to compromise SMS system to intercept text user messages.,0.4570503830909729
1484,Software vulnerabilities exploitation,Attacker can moditv the hardware ov changina or disabling ohvsica sensors. memories and features.,0.4289843738079071
1487,Software vulnerabilities exploitation,An attacker could perform remote control by installing remotely his own sottware on the device.,0.43017154932022095
1489,Software vulnerabilities exploitation,An adversary can exploit the vulnerabilities o USB svstems on-board venice.,0.5237399935722351
1500,Software vulnerabilities exploitation,Mobile App malware,0.45115864276885986
1503,Software vulnerabilities exploitation,CAN frame tampering,0.4085877537727356
1506,Software vulnerabilities exploitation,Unauthorised diagnostic access,0.4140409231185913
1519,Software vulnerabilities exploitation,Web Application Vulnerabilities,0.7053951025009155
1520,Software vulnerabilities exploitation,Operator-sided Data Leakage,0.43982136249542236
1546,Failure or Disruption of service,Failure to meet contractual requirements,0.4831579923629761
1597,Failure or Disruption of service,Insufficient Data Breach Response,0.4326297640800476
1603,Failure or Disruption of service,Inability of users to access and modify data,0.46476057171821594
1605,Failure or Disruption of service,Insufficient Data Structure Model to handle user rights,0.42461544275283813
1616,Communication protocol hijacking,Man-in-the-middle attack / Session hijacking,0.5429098606109619
1628,Communication protocol hijacking,"An adversary can capture, analyze, and replaye the messages.",0.4301397204399109
1630,Communication protocol hijacking,An adversarv can crack a weak password.,0.42333751916885376
1631,Communication protocol hijacking,An adversary can execute arbitrary code on the telematics unit (TCU) and take control of the device.,0.44467368721961975
1632,Communication protocol hijacking,The SS7 vulnerabilities can be exploited to compromise SMS system to intercept text user messages.,0.4175991415977478
1633,Communication protocol hijacking,"Spying, SMS Interception & Modification, User Tracking.",0.42537277936935425
1636,Communication protocol hijacking,"An attacker changes circuits of a device to extractsensitive data, such as cryptographic keys.",0.51854407787323
1637,Communication protocol hijacking,Attacker operates phisically on the TC by tampering the device firmware.,0.42193877696990967
1642,Communication protocol hijacking,"For wireless communication channel, messages can be captured, analyze, and replayed.",0.4050631523132324
1645,Communication protocol hijacking,Mobile App spoofing,0.45179808139801025
1648,Communication protocol hijacking,GPS spoofing,0.443994402885437
1654,Communication protocol hijacking,CAN frame tampering,0.4096335470676422
1664,Communication protocol hijacking,Smart key jamming,0.4816850423812866
1702,Data replay,"An adversary can capture, analyze, and replaye the messages.",0.5229810476303101
1716,Data replay,"For wireless communication channel, messages can be captured, analyze, and replayed.",0.5167892575263977
1722,Data replay,GPS spoofing,0.4520963430404663
1723,Data replay,V2X Message replay,0.4188738465309143
1761,Data replay,Data Aggregation and Profiling,0.4299260377883911
1772,Man-in-the-middle attack / Session hijacking,Attacker injects CAN messages/codes via any ECUs connected to the bus.,0.460598349571228
1777,Man-in-the-middle attack / Session hijacking,An adversarv can crack a weak password.,0.46296197175979614
1783,Man-in-the-middle attack / Session hijacking,"An attacker changes circuits of a device to extractsensitive data, such as cryptographic keys.",0.4455849528312683
1787,Man-in-the-middle attack / Session hijacking,An adversary can exploit the vulnerabilities o USB svstems on-board venice.,0.40145692229270935
1811,Man-in-the-middle attack / Session hijacking,Smart key jamming,0.4134383499622345
1816,Man-in-the-middle attack / Session hijacking,Insider Threat,0.41173404455184937
1838,Unintentional change of data or car components configuration,Using information and/or devices from an unreliable source,0.5005704760551453
1839,Unintentional change of data or car components configuration,Erroneous use or configuration of car components,0.7664787769317627
1845,Unintentional change of data or car components configuration,Attacker modifies the path of the sensitive data circulating in the vehicle.,0.5893518924713135
1853,Unintentional change of data or car components configuration,"Attacker can edit, add, manipuler codes and framework of the must ECUs in the vehcles.",0.43713366985321045
1862,Unintentional change of data or car components configuration,Possibility to discover and control the behaviour and profile of the driver.,0.4677133560180664
1877,Unintentional change of data or car components configuration,Infotainment reverse engineering,0.46931254863739014
1886,Unintentional change of data or car components configuration,Infotainment Alteration,0.5689947605133057
1898,Unintentional change of data or car components configuration,Collection of data not required for the user-consented purpose,0.4259488582611084
1904,Unintentional change of data or car components configuration,Misleading Content,0.443168044090271
1909,Information leakage,Using information and/or devices from an unreliable source,0.5016283988952637
1955,Information leakage,Data loss,0.5742379426956177
1961,Information leakage,Operator-sided Data Leakage,0.7119441032409668
1965,Information leakage,Insufficient Deletion of User Data,0.45525556802749634
1969,Information leakage,Collection of data not required for the user-consented purpose,0.48655587434768677
1971,Information leakage,Sharing of Data with 3rd Party,0.43776583671569824
1973,Information leakage,Insecure Data Transfer,0.4819433093070984
1975,Information leakage,Misleading Content,0.4390643835067749
1980,Using information and/or devices from an unreliable source,Erroneous use or configuration of car components,0.4393973648548126
1987,Using information and/or devices from an unreliable source,Attacker remotely accesses via telematics systems (TCU).,0.4130120277404785
1991,Using information and/or devices from an unreliable source,An adversary can execute arbitrary code on the telematics unit (TCU) and take control of the device.,0.45671045780181885
1993,Using information and/or devices from an unreliable source,"Spying, SMS Interception & Modification, User Tracking.",0.49781543016433716
1995,Using information and/or devices from an unreliable source,Attacker can moditv the hardware ov changina or disabling ohvsica sensors. memories and features.,0.4069307744503021
1996,Using information and/or devices from an unreliable source,"An attacker changes circuits of a device to extractsensitive data, such as cryptographic keys.",0.5266042947769165
1997,Using information and/or devices from an unreliable source,Attacker operates phisically on the TC by tampering the device firmware.,0.49651089310646057
1998,Using information and/or devices from an unreliable source,An attacker could perform remote control by installing remotely his own sottware on the device.,0.40874502062797546
2004,Using information and/or devices from an unreliable source,An adversary relates pseudonymous positions to specific vehicles.,0.4298047423362732
2005,Using information and/or devices from an unreliable source,Mobile App spoofing,0.5229314565658569
2008,Using information and/or devices from an unreliable source,GPS spoofing,0.4119001030921936
2011,Using information and/or devices from an unreliable source,Mobile App malware,0.42996343970298767
2014,Using information and/or devices from an unreliable source,CAN frame tampering,0.4046993851661682
2016,Using information and/or devices from an unreliable source,CAN eavesdropping,0.44647637009620667
2025,Using information and/or devices from an unreliable source,Data loss,0.4819687306880951
2031,Using information and/or devices from an unreliable source,Operator-sided Data Leakage,0.4988286793231964
2036,Using information and/or devices from an unreliable source,Insufficient Data Quality,0.42242735624313354
2039,Using information and/or devices from an unreliable source,Collection of data not required for the user-consented purpose,0.5517120361328125
2043,Using information and/or devices from an unreliable source,Insecure Data Transfer,0.41518333554267883
2045,Using information and/or devices from an unreliable source,Misleading Content,0.6235635280609131
2053,Erroneous use or configuration of car components,Car depleted battery,0.44215595722198486
2055,Erroneous use or configuration of car components,Attacker modifies the path of the sensitive data circulating in the vehicle.,0.5282980799674988
2060,Erroneous use or configuration of car components,An adversary can execute arbitrary code on the telematics unit (TCU) and take control of the device.,0.4021000266075134
2063,Erroneous use or configuration of car components,"Attacker can edit, add, manipuler codes and framework of the must ECUs in the vehcles.",0.48711228370666504
2067,Erroneous use or configuration of car components,An attacker could perform remote control by installing remotely his own sottware on the device.,0.4042949378490448
2072,Erroneous use or configuration of car components,Possibility to discover and control the behaviour and profile of the driver.,0.45133644342422485
2079,Erroneous use or configuration of car components,Infotainment malware,0.42239511013031006
2087,Erroneous use or configuration of car components,Infotainment reverse engineering,0.5650824904441833
2096,Erroneous use or configuration of car components,Infotainment Alteration,0.4989566206932068
2097,Erroneous use or configuration of car components,Rogue OBD-II Device,0.41888880729675293
2114,Erroneous use or configuration of car components,Misleading Content,0.435031533241272
2169,Failure to meet contractual requirements,Insufficient Data Breach Response,0.4007719159126282
2171,Failure to meet contractual requirements,"Non-transparent Policies, Agreements, Terms and Conditions",0.5381649732589722
2174,Failure to meet contractual requirements,Missing or Insufficient Session Expiration,0.4045344591140747
2177,Failure to meet contractual requirements,Insufficient Data Structure Model to handle user rights,0.4375377297401428
2179,Failure to meet contractual requirements,"Inappropriate Policies, Terms and Conditions",0.43394213914871216
2183,Failure to meet contractual requirements,Collection without Consent,0.5121464133262634
2196,Violation of rules and regulations/Breach of legislation/ Abuse of personal data,The SS7 vulnerabilities can be exploited to compromise SMS system to intercept text user messages.,0.4088093042373657
2200,Violation of rules and regulations/Breach of legislation/ Abuse of personal data,"An attacker changes circuits of a device to extractsensitive data, such as cryptographic keys.",0.4019574820995331
2243,Violation of rules and regulations/Breach of legislation/ Abuse of personal data,Collection of data not required for the user-consented purpose,0.4680253863334656
2244,Violation of rules and regulations/Breach of legislation/ Abuse of personal data,Insufficient Data Structure Model to handle user rights,0.45954832434654236
2246,Violation of rules and regulations/Breach of legislation/ Abuse of personal data,"Inappropriate Policies, Terms and Conditions",0.42573216557502747
2278,Loss of GNSS signal,GPS spoofing,0.42600175738334656
2295,Loss of GNSS signal,Data loss,0.5317035913467407
2385,Attacker injects CAN messages/codes via any ECUs connected to the bus.,Attacker modifies the path of the sensitive data circulating in the vehicle.,0.42622172832489014
2386,Attacker injects CAN messages/codes via any ECUs connected to the bus.,Attacker remotely accesses via telematics systems (TCU).,0.5383011102676392
2387,Attacker injects CAN messages/codes via any ECUs connected to the bus.,"An adversary can capture, analyze, and replaye the messages.",0.5017746686935425
2388,Attacker injects CAN messages/codes via any ECUs connected to the bus.,An adversary could link the messages to a specific vehicle.,0.43392711877822876
2389,Attacker injects CAN messages/codes via any ECUs connected to the bus.,An adversarv can crack a weak password.,0.525432288646698
2390,Attacker injects CAN messages/codes via any ECUs connected to the bus.,An adversary can execute arbitrary code on the telematics unit (TCU) and take control of the device.,0.6557775735855103
2391,Attacker injects CAN messages/codes via any ECUs connected to the bus.,The SS7 vulnerabilities can be exploited to compromise SMS system to intercept text user messages.,0.4658567011356354
2393,Attacker injects CAN messages/codes via any ECUs connected to the bus.,"Attacker can edit, add, manipuler codes and framework of the must ECUs in the vehcles.",0.5617694854736328
2394,Attacker injects CAN messages/codes via any ECUs connected to the bus.,Attacker can moditv the hardware ov changina or disabling ohvsica sensors. memories and features.,0.5379763841629028
2395,Attacker injects CAN messages/codes via any ECUs connected to the bus.,"An attacker changes circuits of a device to extractsensitive data, such as cryptographic keys.",0.6068060398101807
2396,Attacker injects CAN messages/codes via any ECUs connected to the bus.,Attacker operates phisically on the TC by tampering the device firmware.,0.6072855591773987
2397,Attacker injects CAN messages/codes via any ECUs connected to the bus.,An attacker could perform remote control by installing remotely his own sottware on the device.,0.5316628217697144
2398,Attacker injects CAN messages/codes via any ECUs connected to the bus.,Reprogramming the USB/CD device's firmware to execute malicious actions.,0.5211126804351807
2399,Attacker injects CAN messages/codes via any ECUs connected to the bus.,An adversary can exploit the vulnerabilities o USB svstems on-board venice.,0.5559971332550049
2405,Attacker injects CAN messages/codes via any ECUs connected to the bus.,Smart key bruteforcing,0.4484528601169586
2409,Attacker injects CAN messages/codes via any ECUs connected to the bus.,Infotainment malware,0.4417719841003418
2413,Attacker injects CAN messages/codes via any ECUs connected to the bus.,CAN frame tampering,0.43886592984199524
2419,Attacker injects CAN messages/codes via any ECUs connected to the bus.,ECU firmware dump,0.4181150197982788
2423,Attacker injects CAN messages/codes via any ECUs connected to the bus.,Smart key jamming,0.5315535068511963
2428,Attacker injects CAN messages/codes via any ECUs connected to the bus.,Insider Threat,0.45537489652633667
2449,Attacker modifies the path of the sensitive data circulating in the vehicle.,Attacker remotely accesses via telematics systems (TCU).,0.46096378564834595
2451,Attacker modifies the path of the sensitive data circulating in the vehicle.,An adversary could link the messages to a specific vehicle.,0.4914453625679016
2453,Attacker modifies the path of the sensitive data circulating in the vehicle.,An adversary can execute arbitrary code on the telematics unit (TCU) and take control of the device.,0.4587668776512146
2456,Attacker modifies the path of the sensitive data circulating in the vehicle.,"Attacker can edit, add, manipuler codes and framework of the must ECUs in the vehcles.",0.5263239145278931
2457,Attacker modifies the path of the sensitive data circulating in the vehicle.,Attacker can moditv the hardware ov changina or disabling ohvsica sensors. memories and features.,0.5030146837234497
2458,Attacker modifies the path of the sensitive data circulating in the vehicle.,"An attacker changes circuits of a device to extractsensitive data, such as cryptographic keys.",0.5927808880805969
2459,Attacker modifies the path of the sensitive data circulating in the vehicle.,Attacker operates phisically on the TC by tampering the device firmware.,0.44564902782440186
2460,Attacker modifies the path of the sensitive data circulating in the vehicle.,An attacker could perform remote control by installing remotely his own sottware on the device.,0.43102994561195374
2463,Attacker modifies the path of the sensitive data circulating in the vehicle.,An adversary can identify or track the vehicle from the sensor.,0.4470154345035553
2465,Attacker modifies the path of the sensitive data circulating in the vehicle.,Possibility to discover and control the behaviour and profile of the driver.,0.5480676889419556
2466,Attacker modifies the path of the sensitive data circulating in the vehicle.,An adversary relates pseudonymous positions to specific vehicles.,0.4728500247001648
2472,Attacker modifies the path of the sensitive data circulating in the vehicle.,Infotainment malware,0.4018297791481018
2480,Attacker modifies the path of the sensitive data circulating in the vehicle.,Infotainment reverse engineering,0.4616811275482178
2489,Attacker modifies the path of the sensitive data circulating in the vehicle.,Infotainment Alteration,0.5550501346588135
2512,Attacker remotely accesses via telematics systems (TCU).,"An adversary can capture, analyze, and replaye the messages.",0.400846004486084
2513,Attacker remotely accesses via telematics systems (TCU).,An adversary could link the messages to a specific vehicle.,0.4138440191745758
2515,Attacker remotely accesses via telematics systems (TCU).,An adversary can execute arbitrary code on the telematics unit (TCU) and take control of the device.,0.8148122429847717
2516,Attacker remotely accesses via telematics systems (TCU).,The SS7 vulnerabilities can be exploited to compromise SMS system to intercept text user messages.,0.4613417685031891
2517,Attacker remotely accesses via telematics systems (TCU).,"Spying, SMS Interception & Modification, User Tracking.",0.4615490436553955
2519,Attacker remotely accesses via telematics systems (TCU).,Attacker can moditv the hardware ov changina or disabling ohvsica sensors. memories and features.,0.5706363916397095
2520,Attacker remotely accesses via telematics systems (TCU).,"An attacker changes circuits of a device to extractsensitive data, such as cryptographic keys.",0.5215775966644287
2521,Attacker remotely accesses via telematics systems (TCU).,Attacker operates phisically on the TC by tampering the device firmware.,0.5620277523994446
2522,Attacker remotely accesses via telematics systems (TCU).,An attacker could perform remote control by installing remotely his own sottware on the device.,0.636813223361969
2524,Attacker remotely accesses via telematics systems (TCU).,An adversary can exploit the vulnerabilities o USB svstems on-board venice.,0.5190417766571045
2525,Attacker remotely accesses via telematics systems (TCU).,An adversary can identify or track the vehicle from the sensor.,0.431466281414032
2555,Attacker remotely accesses via telematics systems (TCU).,Operator-sided Data Leakage,0.41875725984573364
2574,"An adversary can capture, analyze, and replaye the messages.",An adversary could link the messages to a specific vehicle.,0.5028916597366333
2575,"An adversary can capture, analyze, and replaye the messages.",An adversarv can crack a weak password.,0.4866853952407837
2576,"An adversary can capture, analyze, and replaye the messages.",An adversary can execute arbitrary code on the telematics unit (TCU) and take control of the device.,0.5518953800201416
2577,"An adversary can capture, analyze, and replaye the messages.",The SS7 vulnerabilities can be exploited to compromise SMS system to intercept text user messages.,0.5060369968414307
2578,"An adversary can capture, analyze, and replaye the messages.","Spying, SMS Interception & Modification, User Tracking.",0.4373737573623657
2580,"An adversary can capture, analyze, and replaye the messages.",Attacker can moditv the hardware ov changina or disabling ohvsica sensors. memories and features.,0.4978533089160919
2581,"An adversary can capture, analyze, and replaye the messages.","An attacker changes circuits of a device to extractsensitive data, such as cryptographic keys.",0.49639445543289185
2583,"An adversary can capture, analyze, and replaye the messages.",An attacker could perform remote control by installing remotely his own sottware on the device.,0.40698641538619995
2585,"An adversary can capture, analyze, and replaye the messages.",An adversary can exploit the vulnerabilities o USB svstems on-board venice.,0.5588880777359009
2586,"An adversary can capture, analyze, and replaye the messages.",An adversary can identify or track the vehicle from the sensor.,0.5719748139381409
2587,"An adversary can capture, analyze, and replaye the messages.","For wireless communication channel, messages can be captured, analyze, and replayed.",0.6677718162536621
2588,"An adversary can capture, analyze, and replaye the messages.",Possibility to discover and control the behaviour and profile of the driver.,0.4066125750541687
2594,"An adversary can capture, analyze, and replaye the messages.",V2X Message replay,0.5088956356048584
2599,"An adversary can capture, analyze, and replaye the messages.",CAN frame tampering,0.47197970747947693
2601,"An adversary can capture, analyze, and replaye the messages.",CAN eavesdropping,0.48142874240875244
2636,An adversary could link the messages to a specific vehicle.,An adversary can execute arbitrary code on the telematics unit (TCU) and take control of the device.,0.4718993902206421
2639,An adversary could link the messages to a specific vehicle.,"Attacker can edit, add, manipuler codes and framework of the must ECUs in the vehcles.",0.46669408679008484
2643,An adversary could link the messages to a specific vehicle.,An attacker could perform remote control by installing remotely his own sottware on the device.,0.434955894947052
2645,An adversary could link the messages to a specific vehicle.,An adversary can exploit the vulnerabilities o USB svstems on-board venice.,0.5017542243003845
2646,An adversary could link the messages to a specific vehicle.,An adversary can identify or track the vehicle from the sensor.,0.8186241984367371
2648,An adversary could link the messages to a specific vehicle.,Possibility to discover and control the behaviour and profile of the driver.,0.5809226036071777
2649,An adversary could link the messages to a specific vehicle.,An adversary relates pseudonymous positions to specific vehicles.,0.7058390974998474
2655,An adversary could link the messages to a specific vehicle.,Infotainment malware,0.44196730852127075
2695,An adversarv can crack a weak password.,An adversary can execute arbitrary code on the telematics unit (TCU) and take control of the device.,0.505413830280304
2696,An adversarv can crack a weak password.,The SS7 vulnerabilities can be exploited to compromise SMS system to intercept text user messages.,0.4182644784450531
2699,An adversarv can crack a weak password.,Attacker can moditv the hardware ov changina or disabling ohvsica sensors. memories and features.,0.5062846541404724
2700,An adversarv can crack a weak password.,"An attacker changes circuits of a device to extractsensitive data, such as cryptographic keys.",0.5871037244796753
2701,An adversarv can crack a weak password.,Attacker operates phisically on the TC by tampering the device firmware.,0.42214521765708923
2702,An adversarv can crack a weak password.,An attacker could perform remote control by installing remotely his own sottware on the device.,0.4480600655078888
2704,An adversarv can crack a weak password.,An adversary can exploit the vulnerabilities o USB svstems on-board venice.,0.5559781789779663
2710,An adversarv can crack a weak password.,Smart key bruteforcing,0.5621205568313599
2711,An adversarv can crack a weak password.,Smart key cloning,0.4622487425804138
2718,An adversarv can crack a weak password.,CAN frame tampering,0.42436301708221436
2728,An adversarv can crack a weak password.,Smart key jamming,0.5715479850769043
2733,An adversarv can crack a weak password.,Insider Threat,0.4358294606208801
2734,An adversarv can crack a weak password.,Web Application Vulnerabilities,0.42635396122932434
2754,An adversary can execute arbitrary code on the telematics unit (TCU) and take control of the device.,The SS7 vulnerabilities can be exploited to compromise SMS system to intercept text user messages.,0.5481927990913391
2755,An adversary can execute arbitrary code on the telematics unit (TCU) and take control of the device.,"Spying, SMS Interception & Modification, User Tracking.",0.4422071576118469
2756,An adversary can execute arbitrary code on the telematics unit (TCU) and take control of the device.,"Attacker can edit, add, manipuler codes and framework of the must ECUs in the vehcles.",0.49664199352264404
2757,An adversary can execute arbitrary code on the telematics unit (TCU) and take control of the device.,Attacker can moditv the hardware ov changina or disabling ohvsica sensors. memories and features.,0.6744290590286255
2758,An adversary can execute arbitrary code on the telematics unit (TCU) and take control of the device.,"An attacker changes circuits of a device to extractsensitive data, such as cryptographic keys.",0.6835857033729553
2759,An adversary can execute arbitrary code on the telematics unit (TCU) and take control of the device.,Attacker operates phisically on the TC by tampering the device firmware.,0.6938542723655701
2760,An adversary can execute arbitrary code on the telematics unit (TCU) and take control of the device.,An attacker could perform remote control by installing remotely his own sottware on the device.,0.738264799118042
2761,An adversary can execute arbitrary code on the telematics unit (TCU) and take control of the device.,Reprogramming the USB/CD device's firmware to execute malicious actions.,0.5473923683166504
2762,An adversary can execute arbitrary code on the telematics unit (TCU) and take control of the device.,An adversary can exploit the vulnerabilities o USB svstems on-board venice.,0.6322742700576782
2763,An adversary can execute arbitrary code on the telematics unit (TCU) and take control of the device.,An adversary can identify or track the vehicle from the sensor.,0.4772951602935791
2767,An adversary can execute arbitrary code on the telematics unit (TCU) and take control of the device.,Mobile App spoofing,0.42423927783966064
2772,An adversary can execute arbitrary code on the telematics unit (TCU) and take control of the device.,Infotainment malware,0.4543600082397461
2773,An adversary can execute arbitrary code on the telematics unit (TCU) and take control of the device.,Mobile App malware,0.46362781524658203
2776,An adversary can execute arbitrary code on the telematics unit (TCU) and take control of the device.,CAN frame tampering,0.4855037331581116
2777,An adversary can execute arbitrary code on the telematics unit (TCU) and take control of the device.,V2X data tampering,0.4365819990634918
2786,An adversary can execute arbitrary code on the telematics unit (TCU) and take control of the device.,Smart key jamming,0.479239284992218
2812,The SS7 vulnerabilities can be exploited to compromise SMS system to intercept text user messages.,"Spying, SMS Interception & Modification, User Tracking.",0.46100491285324097
2815,The SS7 vulnerabilities can be exploited to compromise SMS system to intercept text user messages.,"An attacker changes circuits of a device to extractsensitive data, such as cryptographic keys.",0.5314638614654541
2816,The SS7 vulnerabilities can be exploited to compromise SMS system to intercept text user messages.,Attacker operates phisically on the TC by tampering the device firmware.,0.47325804829597473
2817,The SS7 vulnerabilities can be exploited to compromise SMS system to intercept text user messages.,An attacker could perform remote control by installing remotely his own sottware on the device.,0.5239310264587402
2818,The SS7 vulnerabilities can be exploited to compromise SMS system to intercept text user messages.,Reprogramming the USB/CD device's firmware to execute malicious actions.,0.4043451249599457
2819,The SS7 vulnerabilities can be exploited to compromise SMS system to intercept text user messages.,An adversary can exploit the vulnerabilities o USB svstems on-board venice.,0.5269540548324585
2821,The SS7 vulnerabilities can be exploited to compromise SMS system to intercept text user messages.,"For wireless communication channel, messages can be captured, analyze, and replayed.",0.4177456200122833
2824,The SS7 vulnerabilities can be exploited to compromise SMS system to intercept text user messages.,Mobile App spoofing,0.4690490961074829
2830,The SS7 vulnerabilities can be exploited to compromise SMS system to intercept text user messages.,Mobile App malware,0.5121656656265259
2833,The SS7 vulnerabilities can be exploited to compromise SMS system to intercept text user messages.,CAN frame tampering,0.4000096917152405
2871,"Spying, SMS Interception & Modification, User Tracking.","An attacker changes circuits of a device to extractsensitive data, such as cryptographic keys.",0.4210835099220276
2872,"Spying, SMS Interception & Modification, User Tracking.",Attacker operates phisically on the TC by tampering the device firmware.,0.5245264768600464
2876,"Spying, SMS Interception & Modification, User Tracking.",An adversary can identify or track the vehicle from the sensor.,0.4105033576488495
2877,"Spying, SMS Interception & Modification, User Tracking.","For wireless communication channel, messages can be captured, analyze, and replayed.",0.4518190622329712
2880,"Spying, SMS Interception & Modification, User Tracking.",Mobile App spoofing,0.49939167499542236
2886,"Spying, SMS Interception & Modification, User Tracking.",Mobile App malware,0.5094940662384033
2891,"Spying, SMS Interception & Modification, User Tracking.",CAN eavesdropping,0.560961127281189
2925,"Attacker can edit, add, manipuler codes and framework of the must ECUs in the vehcles.",Attacker can moditv the hardware ov changina or disabling ohvsica sensors. memories and features.,0.5326464176177979
2928,"Attacker can edit, add, manipuler codes and framework of the must ECUs in the vehcles.",An attacker could perform remote control by installing remotely his own sottware on the device.,0.42872756719589233
2933,"Attacker can edit, add, manipuler codes and framework of the must ECUs in the vehcles.",Possibility to discover and control the behaviour and profile of the driver.,0.5266609191894531
2943,"Attacker can edit, add, manipuler codes and framework of the must ECUs in the vehcles.",CAN frame injection,0.41701626777648926
2944,"Attacker can edit, add, manipuler codes and framework of the must ECUs in the vehcles.",CAN frame tampering,0.42226356267929077
2948,"Attacker can edit, add, manipuler codes and framework of the must ECUs in the vehcles.",Infotainment reverse engineering,0.42366495728492737
2957,"Attacker can edit, add, manipuler codes and framework of the must ECUs in the vehcles.",Infotainment Alteration,0.4900372624397278
2980,Attacker can moditv the hardware ov changina or disabling ohvsica sensors. memories and features.,"An attacker changes circuits of a device to extractsensitive data, such as cryptographic keys.",0.5855347514152527
2981,Attacker can moditv the hardware ov changina or disabling ohvsica sensors. memories and features.,Attacker operates phisically on the TC by tampering the device firmware.,0.5563750863075256
2982,Attacker can moditv the hardware ov changina or disabling ohvsica sensors. memories and features.,An attacker could perform remote control by installing remotely his own sottware on the device.,0.6665213704109192
2983,Attacker can moditv the hardware ov changina or disabling ohvsica sensors. memories and features.,Reprogramming the USB/CD device's firmware to execute malicious actions.,0.5092148780822754
2984,Attacker can moditv the hardware ov changina or disabling ohvsica sensors. memories and features.,An adversary can exploit the vulnerabilities o USB svstems on-board venice.,0.5625617504119873
2994,Attacker can moditv the hardware ov changina or disabling ohvsica sensors. memories and features.,Infotainment malware,0.4139399826526642
2998,Attacker can moditv the hardware ov changina or disabling ohvsica sensors. memories and features.,CAN frame tampering,0.43229228258132935
2999,Attacker can moditv the hardware ov changina or disabling ohvsica sensors. memories and features.,V2X data tampering,0.4165976643562317
3002,Attacker can moditv the hardware ov changina or disabling ohvsica sensors. memories and features.,Infotainment reverse engineering,0.48065268993377686
3004,Attacker can moditv the hardware ov changina or disabling ohvsica sensors. memories and features.,ECU firmware dump,0.40824466943740845
3008,Attacker can moditv the hardware ov changina or disabling ohvsica sensors. memories and features.,Smart key jamming,0.453441858291626
3015,Attacker can moditv the hardware ov changina or disabling ohvsica sensors. memories and features.,Operator-sided Data Leakage,0.5009362101554871
3019,Attacker can moditv the hardware ov changina or disabling ohvsica sensors. memories and features.,Insufficient Deletion of User Data,0.43907487392425537
3022,Attacker can moditv the hardware ov changina or disabling ohvsica sensors. memories and features.,Inability of users to access and modify data,0.44415879249572754
3023,Attacker can moditv the hardware ov changina or disabling ohvsica sensors. memories and features.,Collection of data not required for the user-consented purpose,0.46643900871276855
3034,"An attacker changes circuits of a device to extractsensitive data, such as cryptographic keys.",Attacker operates phisically on the TC by tampering the device firmware.,0.6566984057426453
3035,"An attacker changes circuits of a device to extractsensitive data, such as cryptographic keys.",An attacker could perform remote control by installing remotely his own sottware on the device.,0.563683271408081
3036,"An attacker changes circuits of a device to extractsensitive data, such as cryptographic keys.",Reprogramming the USB/CD device's firmware to execute malicious actions.,0.5208582282066345
3037,"An attacker changes circuits of a device to extractsensitive data, such as cryptographic keys.",An adversary can exploit the vulnerabilities o USB svstems on-board venice.,0.5321053862571716
3042,"An attacker changes circuits of a device to extractsensitive data, such as cryptographic keys.",Mobile App spoofing,0.4366201162338257
3043,"An attacker changes circuits of a device to extractsensitive data, such as cryptographic keys.",Smart key bruteforcing,0.4838043451309204
3044,"An attacker changes circuits of a device to extractsensitive data, such as cryptographic keys.",Smart key cloning,0.5100982785224915
3048,"An attacker changes circuits of a device to extractsensitive data, such as cryptographic keys.",Mobile App malware,0.4482942521572113
3051,"An attacker changes circuits of a device to extractsensitive data, such as cryptographic keys.",CAN frame tampering,0.45811620354652405
3061,"An attacker changes circuits of a device to extractsensitive data, such as cryptographic keys.",Smart key jamming,0.649383544921875
3066,"An attacker changes circuits of a device to extractsensitive data, such as cryptographic keys.",Insider Threat,0.4872753620147705
3068,"An attacker changes circuits of a device to extractsensitive data, such as cryptographic keys.",Operator-sided Data Leakage,0.4229432940483093
3080,"An attacker changes circuits of a device to extractsensitive data, such as cryptographic keys.",Insecure Data Transfer,0.40133726596832275
3082,"An attacker changes circuits of a device to extractsensitive data, such as cryptographic keys.",Misleading Content,0.4084090292453766
3087,Attacker operates phisically on the TC by tampering the device firmware.,An attacker could perform remote control by installing remotely his own sottware on the device.,0.6495145559310913
3088,Attacker operates phisically on the TC by tampering the device firmware.,Reprogramming the USB/CD device's firmware to execute malicious actions.,0.6411257386207581
3089,Attacker operates phisically on the TC by tampering the device firmware.,An adversary can exploit the vulnerabilities o USB svstems on-board venice.,0.5394045114517212
3094,Attacker operates phisically on the TC by tampering the device firmware.,Mobile App spoofing,0.5941846370697021
3096,Attacker operates phisically on the TC by tampering the device firmware.,Smart key cloning,0.4145668148994446
3097,Attacker operates phisically on the TC by tampering the device firmware.,GPS spoofing,0.4008826017379761
3099,Attacker operates phisically on the TC by tampering the device firmware.,Infotainment malware,0.4997778534889221
3100,Attacker operates phisically on the TC by tampering the device firmware.,Mobile App malware,0.5878621935844421
3103,Attacker operates phisically on the TC by tampering the device firmware.,CAN frame tampering,0.5175038576126099
3104,Attacker operates phisically on the TC by tampering the device firmware.,V2X data tampering,0.42022594809532166
3113,Attacker operates phisically on the TC by tampering the device firmware.,Smart key jamming,0.4920908510684967
3134,Attacker operates phisically on the TC by tampering the device firmware.,Misleading Content,0.4117581844329834
3139,An attacker could perform remote control by installing remotely his own sottware on the device.,Reprogramming the USB/CD device's firmware to execute malicious actions.,0.6202192306518555
3140,An attacker could perform remote control by installing remotely his own sottware on the device.,An adversary can exploit the vulnerabilities o USB svstems on-board venice.,0.6224786043167114
3145,An attacker could perform remote control by installing remotely his own sottware on the device.,Mobile App spoofing,0.4278548061847687
3150,An attacker could perform remote control by installing remotely his own sottware on the device.,Infotainment malware,0.4758302569389343
3151,An attacker could perform remote control by installing remotely his own sottware on the device.,Mobile App malware,0.4745289087295532
3154,An attacker could perform remote control by installing remotely his own sottware on the device.,CAN frame tampering,0.4412041902542114
3155,An attacker could perform remote control by installing remotely his own sottware on the device.,V2X data tampering,0.4467387795448303
3164,An attacker could perform remote control by installing remotely his own sottware on the device.,Smart key jamming,0.40505850315093994
3168,An attacker could perform remote control by installing remotely his own sottware on the device.,Rogue OBD-II Device,0.40318551659584045
3171,An attacker could perform remote control by installing remotely his own sottware on the device.,Operator-sided Data Leakage,0.4186130166053772
3190,Reprogramming the USB/CD device's firmware to execute malicious actions.,An adversary can exploit the vulnerabilities o USB svstems on-board venice.,0.6324176788330078
3200,Reprogramming the USB/CD device's firmware to execute malicious actions.,Infotainment malware,0.48424798250198364
3240,An adversary can exploit the vulnerabilities o USB svstems on-board venice.,An adversary can identify or track the vehicle from the sensor.,0.48417791724205017
3249,An adversary can exploit the vulnerabilities o USB svstems on-board venice.,Infotainment malware,0.4927824139595032
3250,An adversary can exploit the vulnerabilities o USB svstems on-board venice.,Mobile App malware,0.45813533663749695
3253,An adversary can exploit the vulnerabilities o USB svstems on-board venice.,CAN frame tampering,0.44774162769317627
3269,An adversary can exploit the vulnerabilities o USB svstems on-board venice.,Web Application Vulnerabilities,0.4147774279117584
3290,An adversary can identify or track the vehicle from the sensor.,Possibility to discover and control the behaviour and profile of the driver.,0.6318385601043701
3291,An adversary can identify or track the vehicle from the sensor.,An adversary relates pseudonymous positions to specific vehicles.,0.5801686644554138
3297,An adversary can identify or track the vehicle from the sensor.,Infotainment malware,0.41007888317108154
3303,An adversary can identify or track the vehicle from the sensor.,CAN eavesdropping,0.5039960145950317
3318,An adversary can identify or track the vehicle from the sensor.,Operator-sided Data Leakage,0.40977439284324646
3343,"For wireless communication channel, messages can be captured, analyze, and replayed.",V2X Message replay,0.4815394878387451
3350,"For wireless communication channel, messages can be captured, analyze, and replayed.",CAN eavesdropping,0.4285738170146942
3384,Possibility to discover and control the behaviour and profile of the driver.,An adversary relates pseudonymous positions to specific vehicles.,0.4503408968448639
3407,Possibility to discover and control the behaviour and profile of the driver.,Infotainment Alteration,0.42212313413619995
3427,Possibility to discover and control the behaviour and profile of the driver.,Data Aggregation and Profiling,0.46295732259750366
3477,Mobile App spoofing,GPS spoofing,0.5466857552528381
3480,Mobile App spoofing,Mobile App malware,0.7585324048995972
3483,Mobile App spoofing,CAN frame tampering,0.44671496748924255
3514,Mobile App spoofing,Misleading Content,0.5792416930198669
3519,Smart key bruteforcing,Smart key cloning,0.552172839641571
3525,Smart key bruteforcing,CAN frame injection,0.40379732847213745
3536,Smart key bruteforcing,Smart key jamming,0.6130801439285278
3565,Smart key cloning,Mobile App malware,0.4140632152557373
3578,Smart key cloning,Smart key jamming,0.6459373235702515
3609,GPS spoofing,CAN frame tampering,0.400004506111145
3640,GPS spoofing,Misleading Content,0.43136700987815857
3650,V2X Message replay,V2X data tampering,0.6005666851997375
3657,V2X Message replay,V2X eavesdropping,0.6215173602104187
3661,V2X Message replay,V2X DoS,0.6488940715789795
3683,V2X Message replay,Secondary Use,0.4768194854259491
3685,Infotainment malware,Mobile App malware,0.4883323311805725
3692,Infotainment malware,Infotainment reverse engineering,0.49067407846450806
3698,Infotainment malware,Smart key jamming,0.41948214173316956
3701,Infotainment malware,Infotainment Alteration,0.42846226692199707
3736,Mobile App malware,Smart key jamming,0.4067504405975342
3757,Mobile App malware,Misleading Content,0.40823298692703247
3769,ECU reflash,ECU firmware dump,0.4772103428840637
3799,CAN frame injection,CAN frame tampering,0.5150319933891296
3809,CAN frame injection,Smart key jamming,0.4065512716770172
3835,CAN frame tampering,V2X data tampering,0.4226951003074646
3865,CAN frame tampering,Misleading Content,0.4510975480079651
3876,V2X data tampering,V2X eavesdropping,0.6793672442436218
3880,V2X data tampering,V2X DoS,0.6827539801597595
3882,V2X data tampering,Rogue OBD-II Device,0.4630947709083557
3885,V2X data tampering,Operator-sided Data Leakage,0.41345882415771484
3902,V2X data tampering,Secondary Use,0.4890800714492798
3909,CAN eavesdropping,V2X eavesdropping,0.6183042526245117
3918,CAN eavesdropping,Operator-sided Data Leakage,0.4858633577823639
3926,CAN eavesdropping,Collection of data not required for the user-consented purpose,0.4178112745285034
3958,Unauthorised diagnostic access,Collection of data not required for the user-consented purpose,0.42923006415367126
3977,Infotainment reverse engineering,Infotainment Alteration,0.6006132960319519
3978,Infotainment reverse engineering,Rogue OBD-II Device,0.4380432367324829
4009,Insecure API endpoint,Insider Threat,0.42970719933509827
4023,Insecure API endpoint,Insecure Data Transfer,0.6692110300064087
4090,V2X eavesdropping,V2X DoS,0.6541257500648499
4092,V2X eavesdropping,Rogue OBD-II Device,0.43923211097717285
4112,V2X eavesdropping,Secondary Use,0.4120562672615051
4144,Smart key jamming,Insider Threat,0.4018748700618744
4170,Data loss,Operator-sided Data Leakage,0.46302688121795654
4171,Data loss,Insufficient Data Breach Response,0.45303723216056824
4174,Data loss,Insufficient Deletion of User Data,0.5488355159759521
4175,Data loss,Insufficient Data Quality,0.5421640872955322
4176,Data loss,Missing or Insufficient Session Expiration,0.40379491448402405
4182,Data loss,Insecure Data Transfer,0.4237252473831177
4190,V2X DoS,Rogue OBD-II Device,0.5001339316368103
4210,V2X DoS,Secondary Use,0.5178253650665283
4253,Rogue OBD-II Device,Secondary Use,0.4184739291667938
4297,Operator-sided Data Leakage,Insufficient Deletion of User Data,0.4524669647216797
4301,Operator-sided Data Leakage,Collection of data not required for the user-consented purpose,0.4753648042678833
4305,Operator-sided Data Leakage,Insecure Data Transfer,0.4246003031730652
4314,Insufficient Data Breach Response,Insufficient Deletion of User Data,0.5311331152915955
4315,Insufficient Data Breach Response,Insufficient Data Quality,0.5555859208106995
4316,Insufficient Data Breach Response,Missing or Insufficient Session Expiration,0.43136996030807495
4319,Insufficient Data Breach Response,Insufficient Data Structure Model to handle user rights,0.624751091003418
4329,Consent on Everything / Problems with getting Consent,"Non-transparent Policies, Agreements, Terms and Conditions",0.45114386081695557
4341,Consent on Everything / Problems with getting Consent,Collection without Consent,0.5135012269020081
4349,"Non-transparent Policies, Agreements, Terms and Conditions",Collection of data not required for the user-consented purpose,0.41806626319885254
4352,"Non-transparent Policies, Agreements, Terms and Conditions","Inappropriate Policies, Terms and Conditions",0.6664086580276489
4356,"Non-transparent Policies, Agreements, Terms and Conditions",Collection without Consent,0.4959842562675476
4360,Insufficient Deletion of User Data,Insufficient Data Quality,0.43872058391571045
4361,Insufficient Deletion of User Data,Missing or Insufficient Session Expiration,0.5587615966796875
4362,Insufficient Deletion of User Data,Inability of users to access and modify data,0.5070986747741699
4363,Insufficient Deletion of User Data,Collection of data not required for the user-consented purpose,0.547701895236969
4364,Insufficient Deletion of User Data,Insufficient Data Structure Model to handle user rights,0.5092015862464905
4374,Insufficient Data Quality,Missing or Insufficient Session Expiration,0.4414270520210266
4377,Insufficient Data Quality,Insufficient Data Structure Model to handle user rights,0.5319477915763855
4389,Missing or Insufficient Session Expiration,Insufficient Data Structure Model to handle user rights,0.42200252413749695
4399,Inability of users to access and modify data,Collection of data not required for the user-consented purpose,0.4447462260723114
4400,Inability of users to access and modify data,Insufficient Data Structure Model to handle user rights,0.5488862991333008
4403,Inability of users to access and modify data,Insecure Data Transfer,0.4025658965110779
4410,Collection of data not required for the user-consented purpose,Insufficient Data Structure Model to handle user rights,0.4356135129928589
4416,Collection of data not required for the user-consented purpose,Collection without Consent,0.48363935947418213
4422,Insufficient Data Structure Model to handle user rights,Insecure Data Transfer,0.40061885118484497
4431,Sharing of Data with 3rd Party,Transfer or Processing through 3rd Party,0.813605546951294
